,Name,ScreenName,Follow,Follower,TweetCount,Description
0,福の神ひっし〜（菱田光孝）,fukunokami7777,242,241,367,★ゆめのたね放送局 『福の神ひっし〜の大開運ラジオセラピー』のラジオパーソナリティをしています（関西チャンネル木曜日23時半〜）★開運日をお知らせします『福の神ひっし〜の開運予報』 ★幸運開運金運アップのつぶやきが大好きです！！
1,毎日が全力疾走 ゆめのたね放送局,everyday_power,30,15,19,"岡山の情報と、医療の世界で活躍する人を発信する、インターネットラジオ番組の「毎日が全力疾走」
ゆめのたね放送局岡山スタジオ から毎週水曜日7:30-8:00に放送中です。"
2,よしだ@おれたちLIVESMATTER,yoshida0202,1354,562,379,"元ワナビーのWebディレクター。
子供二人いるけど漫画家かラノベ作家あたりになりたい。 
まだいける。 
ポッドキャストで元ワナビーが漫画家、ライターにいろいろ聞くネットラジオやってます。 #おれたちLIVESMATTER #おれまた ▶︎ https://t.co/r7t558ElY0…"
3,衝動男児レディオ,shododanji,215,103,39,好奇心旺盛ロマンチスト”ユージン”と 偏見文化ハイエナ”マッツ”。 衝動でラジオを始めてしまった二人の若手ビジネスマンが、Z世代ならではの切り口で、世の中のあらゆるテーマについて べしゃり倒す。 Anchor、Spotifyで配信中！
4,ゆう,jcavzlxhpp,612,6,26,女子〇生とイケナイことしませんか？  😃
5,未来を創る学校🏫✨byミラクリ,miracli_ken,96,98,754,未来を創る学校(by未来クリエイション)公式アカウントです✨講座のご案内はもちろん、日常で役立つ心理学の情報や、ミラクリの日々の出来事などを発信しています。
6,【ポッドキャスト】純喫茶エピソード：毎週日曜深夜に配信,cafeepisode_jp,541,203,523,"@crema @necoze @k_yoshiaki324がお送りする、毎週日曜深夜に店じまい（配信）のPodcast。
Web系から時事/エンタメまで、3人の気になるトピックスを振り返りながら、まったりとお送りします。
番組のご感想は、DMもしくは #純喫茶エピソード を付けてツイートしてください！"
7,野口ひとみ,utopiaathome,83,58,834,一人ひとりの人生をミラクルに✨I want to make a lot of happy families.
8,中央大学児童文学研究会イーハトーヴ,chuo4339,520,539,390,中央大学公認部会・児童文学研究会イーハトーヴ📚です😀会室は4号館の4️⃣3️⃣3️⃣9️⃣号室です✌🏻活動は、児童文学🧒を読んだり絵🎨を描いたり、読み聞かせ📚をしたり色々やってます。アットホームな雰囲気で楽しくやってます！
9,NakayamaYoshitaka,vxvNakayamaYosh,1331,377,557,"(株)ヴィ・クロス・ヴィジョン 代表。
ゲーム、教育 福祉、VR AR MR等のソフト開発を行う。
クリエイティブ業界発展をめざしインディー・フリーランスサポートや交流会の主催を行う。
転職者をゲーム系大手に押し込んだり年収上げさせるのが趣味。
まずは飯食おう！　連絡求む！"
10,革命のソルホライズン-The Revolution of SolHorizon-,RSolhorizon,1201,501,501,R3Kingdom代表(@rinvoice711)によるボイスドラマを主軸として展開予定の総合プロデュース作品 #革命のソルホライズン 【YouTube】https://t.co/U5jr5zFmsu
11,バンドが知りたい! 宮代みずのSIG!,FmBanShigu,3501,1593,6663,バンドやミュージシャン、「ひと」を知れば、音楽はもっと面白い。パーソナリティ宮代みず(@mizuvoice)のラジオ番組。毎週木・土23:00-23:30 ネットラジオotalisで放送中。【ハッシュタグ  #バンシグ】ツイートは #みず放送委員会 スタッフが投稿します。宮代みず個人は→ @kamiomizu
12,イーグルス,eagles_F2018,155,103,3643,"いじられキャラ、身体絞ろう、趣味;異業種交流会。

あだ名は、いーくん。です。名付け親は、びばおんさんです。"
13,オーディオドラマ「シンイーター」,SinEater_jp,4583,5331,141,2011年にVOCALOID曲を主題歌にしたオーディオドラマ「アンダー・ザ・ブルー」でiTunes Rewind 2011に選出。iTunes Podcast総合ランキング第1位を達成。以降13作連続カテゴリランキング第1位を達成。
14,金澤辰典,okkasan_tatu,2199,1535,30897,CROSS CALLに在籍させて頂いております。そして現役整体師です 「戦国修羅SOUL」の真田大助役 松本零士先生原作「天使の時空船」マジモト役他ラジオのパーソナリティをやらせて頂いたり。あと甘いものとプロレスが好きです！
15,G-Nack_@apex,G_Nack_ps4,163,73,359,Apexとリア垢では言えないことを言うアカ/ランクはレイスパスバンガワトガスおじライフラジブレヴ/エンジョイ勢/とっくの昔に成人済みの34♂
16,Nyamechi(にゃめち),Nyamechi_,4652,1311,1319,#にゃめちドットコム で、#Podcast #YouTube番組 を作っています✏🎧️💻📱制作番組→ #FMTIMEZRADIO 📻喋り手2人は→ トシ @Tosshi_FMTZ 🏍 ガーシー @Ga_C_FMTZ 🗡動画も見て！→ https://t.co/q193iO17LX 🎥
17,たっちん(Tacchin),OTA_Tacchin2230,709,598,106301,インターネットラジオ局「ゆめのたね放送局」でパーソナリティやってるオタク。詳細→ https://t.co/4DrTcz2GmX　アイコン：@shimodukirei　さん　ヘッダー：@catblack_p38　さん　ありがとうございます！
18,mellow,mellow_hp,4999,2711,3700,新しい音楽との出会いをつくるウェブメディアmellowです🎧 / あなたのおすすめの曲をDM✉️でリクエストしてください😊 mellowはこちらから https://t.co/R12ar2lOc8
19,マスオ会議,masuokaigi,428,335,41,子持ちの男ふたり(27歳／妻の家に居候)が不定期でポッドキャストを配信してます。サザエさんに登場するマスオさんを崇めてます。
20,ゴリラアワー　〜バナナちょうだい,goribanana7,708,397,57,俺たちゃ一生自分探し宣言！自他ともに認めるダメ中年男児3人組がお送りするお笑い黄昏放送をポッドキャストでお届け！。踊り疲れたディスコの帰りや電信柱にしみついた夜にぜひとも聞いてもらいたい愉快な恨み節を10年続けて放送中！で、最近コント放送局も始めました！
21,右京区南町ラジオ,ukyominami,176,184,128,右京とミナミがラフにだらだらと話すだけのラジオ。小さな町の一室から細々と配信しています。毎週日曜日O.A 2人への質問・お便りはこちら⇨ https://t.co/UlpoQb9GZF
22,mikkun_jp,CarabinerFM,136,153,609,"ProductionEngineer.
podcast/ラジオ/カメラ:zv-1/珈琲/キャンプ/コンテンツ全般"
23,板橋Remix,itabashiremix,365,302,485,ポッドキャスト番組【板橋Remix】のアカウントです！板橋スタジオ(おばあちゃん家)よりたかしとゆうで配信中。毎週月曜日更新しております！お便りはDMまたはitabashiremix@gmail.comまで！感想は #いたりみ でおねしゃす！
24,勝手に名和ラジオ,kattenawa,409,293,80,勝手に名和ラジオ公式アカウントです。ようやく作りました！愛知県東海市名和町から書店ボーイ（@syotenboy)がお届けしています！番組へのご意見・ご感想などはDMにてお待ちしております！
25,寝落ちラジオ,OspfBgp,315,358,547,毎週日曜、どうでもいいけどちょっと笑えるラジオをやっています。Radiotalkは毎週木曜にサクッと寝落ちラジオを配信中！お便りは https://t.co/lBTgKvm98g もしくは neochiradio202004@gmail.com まで！ #どずおふ でツイートしてね！
26,とも,gyP20sUKZtOgRfY,1390,925,15193,podcast番組『もちとともの理不尽なダイス』『彼女に三国志を話し始めたら止まらなくなったんだが』に出ています。よろしくお願いします。 ＃もちとともの理不尽なダイス ＃三国だが ＃もちともダイス ＃もちとも ＃毎日ダイイングメッセージ ＃もちとも増刊号 ＃三国志
27,ことのはcocktail,koto_cocktail,732,616,166,"インターネットラジオゆめのたね放送局東日本チャンネル、水曜日18時～放送中の番組
【ことのは cocktail】のアカウントです。
作品紹介もこちらで♪
感想や問い合わせなどはDMやメールお待ちしております♪

メール→kotonohacocktail@gmail.com
パーソナリティ→@white_mallow_"
28,小出＠WARNING!!RADIO,koide9919,624,718,2954,神戸出身の大学生2人が東京と京都よりPodcast番組「WARNING!!RADIO / ワーニングラジオ」を配信しています。お便りはwarningradio2017@gmail.com または ＃わらじ にて　僕らと共鳴せえへんか？
29,みからじお @10月28日番組1周年,i_mika_radio,624,423,7150,好きなものを好きなだけ話すpodcast配信中☞https://t.co/n3OqldIexV マロ☞ https://t.co/OsrtnHaO0x 🦊☞https://t.co/ASL5Jin6jr 📩☞ i.mika.radio@gmail.com #みからじお #00レポ
30,上田細谷の大名おろし,Daimyo_Oroshi,425,354,483,どうも上田です細谷です。押し付けがましくないのがウリです。小さな知識をネタにして楽しくしゃべるPodcastをやってます！#上田細谷の大名おろし　上田のアカウントはコチラ@thetkofworld
31,よもやまfm,yomoyamafm,819,584,664,エンジニアと弁護士の仲良し二人組がお送りするゆるーいポッドキャスト番組 #よもやまfm のアカウントです🎙なぜか即興コメディ枠🦸‍♂️雑談をベースに、IT、法律、育児、エンタメなどなど自由気ままに話しています。質問や感想などいただけるとめちゃ嬉しいです！ → https://t.co/TrQKz4cPBN
32,けんととおおたの星空radio,kentotoohta,2232,1168,212,毎週木曜日にpodcast/spotifyで配信しているフリートークラジオ番組です トークテーマやお便りはダイレクトメッセージでもリプライでもいいんで是非よろしくおねがいします #星空radio で感想待ってます パーソナリティ→ おーたくん@otachop ケントくん @kentokent0421
33,R-mix./ソニックりょう@11.14 東京国際プロジェクションマッピングアワード,Rmix0615,3878,1651,12091,テレビ、ラジオ、アニメ、声優、特撮が大好きなちょっと変わった19歳のクリエイターです。 ネットラジオ「ソニックりょう p!npon」現在休止中 #ソニピン @pinpon_rmix ボイスドラマ制作もやってます!(@Rmix_voidra)
34,今夜も生だしっ！@ポッドキャスト,konyamo_nama,316,260,107,毎週木or金曜夜からツイキャス生放送でお届けするネットラジオ。視聴者超参加型のみんなで作っていくラジオを目指します！コーナーや企画も含めて視聴者ありき！毎回色んな面白い事をやっていきます！現在お休み中
35,ポッドキャスト(ネットラジオ)†スキャスト†怪談ホラーオカルト†,scarystory4,1795,901,1176,ホラー、オカルトに関する話を朗読、創作するネットラジオ(ポッドキャスト)100話を無事に迎え終了となりました。皆様に沢山のありがとうを届けたい。公式ＨＰはこちら⬇︎⬇︎
36,あられミックスのチョロっと急カーブ@ポッドキャスト,aramixpodcast,319,326,714,「そこらへんの会社員もがんばってんで」関西20代元気っ子のけんたろ、考えすぎるなおとがちょっと背伸びしてお届けする青春爽快ポッドキャスト番組。水曜日曜に配信中！  8月9月は本気で漫才に向き合います  感想は #チョロ急 感想への返信は番組の最新回詳細欄へ
37,大阪の一般人によるPodcast a.k.a.大大だげな時間,dagenajikan,1081,1366,1118,2018年4月1日（日）あの2人が華麗に復活！ポッドキャスターおかよと柴山ケンによる大阪社会人トークPodcast番組 【 毎週、月曜日から日曜日の内いずれか3日間0:00配信予定！】 △▼△だげな時間ファンクラブ だげなじ友の会 会員募集中！▲▽▲
38,ﾎﾟｯﾄﾞｷｬｽﾄ『ガンプラジオ』,gumpradio,565,676,4783,架空のホビーショップ「エニグマ工房」店主とバイト店員ヨマヨイが、プラモデルを作りながらオタクな話題をあーだこーだと繰り広げる、そんなおばかラジオです。カバーアートはなんと！あのトッキンマッシュグループのシブちゃんさんに描いていただきました♪番組へのお便りはこちら！→https://t.co/t1l00TBFiD #ガンプラジオ
39,まるちゃんトーク🎃ポッドキャスト,maruchantalk,344,306,1403,アメリカのゲーム会社でアニメーターしてる@miyukimaruyama の気まぐれポッドキャストのアカウント。ポッドキャストで話してほしいトピックなどあればメンションなりDMなりどうぞ。毎回話す内容をくじ引きで決めています。気まぐれですが。感想等もRTしまぷ
40,浜辺のラジオ │ Podcast番組,hamabe_no_radio,454,458,814,兵庫県は香美町の浜辺から配信しているPodcast番組🎙 #浜辺のラジオ …地元『 但馬地方 』の情報、国内の情報など気になる話題を釣り上げて放送🐟💨
41,トウカイザー人生相談@ポッドキャスト番組,toukaizersoudan,117,122,58,愛知県東海市のローカルヒーロー鉄鋼戦士トウカイザーのポッドキャスト番組！皆さんのお悩みにトウカイザーが答えます！皆さんのモヤっとをスッキリできるようにお話するぜ！相談内容はDMまたはdrumsticks317@gmail.comまで！ 監修 国家資格キャリアコンサルタント保持者 書店ボーイ@syotenboy #トウ談
42,絶対に負けられないPodcast,R40_ex_graffiti,853,868,3016,#絶対に負けられないPodcast 人生においての「遊び」をテーマに負けられないアラフォーの #さいごうさん と #ワンダー が井戸端会議的に話したり考えたりする大人の実体験型落書きバラエティです。#ぜつまけ で呟いてくださいね📱makerarenaize@gmail.com
43,なぐりレコード@ポッドキャスト,naguri_record,240,252,446,小心者にヤケクソというエンジンを詰め込んだ2人で送るポッドキャスト番組です。どうにもならない日常を力ずくで楽しんでもらえる形にしてお届けします！ ■番組へのお便りはこちらまで nagreco55@gmail.com ■Instagram→ https://t.co/pV3r0PEo8J
44,謎ンヌCEO,NazonnuCeo,446,285,543,Podcastを面白く！
45,NoTaラジオ,NoTaRADIO2019,313,297,143,"ポジティブスケベ野村 と 毒舌無限べしゃりタクマ。性格が真逆なふたりによるディベートコメディです！現役学生のリアルを背伸びせずお届けします。配信は毎週木曜。Spotify, Apple podcastなどで聞くことができます。 #ノタラジ で感想ツイートなどしてもらえると喜びます！↓✉️おたよりはこちらから↓"
46,こえラボ（ポッドキャスト・コンシェルジュ）,koelab2016,2701,998,1862,"こえラボはあなたの声を世界中にお届けするサポートをしています。

声には文字では表現できないという性質があります。
声には見た目に左右されない言葉があります。

ぜひ、あなたの声の魅力を伝えていきましょう。"
47,310@下水道の巨大シロワニは実在した！,4rowa2,857,997,4366,個人兼番組アカウント。世にはびこる様々な事柄をネタバレ必須でトークするラジオ番組/podcast。映画多め。金田一研究してます。#ゲスワニ 【HP】 https://t.co/EtyDHMbcUr
48,勝手に高専ラジオ【公式】,kattekosenradio,3389,3546,5125,"元高専生でカナダ在住のうみ,社会人のしおちゃん,とも,呉のしもおかさんが高専の話題やら雑談をしています．お便りはradiokosen@gmail.com,TwitterのDMに送るか,#勝手に高専ラジオ.でつぶやいてください.番組内で紹介させてもらうことがあります!iTunes,YouTubeで絶賛配信中"
49,田中 まい@企業人事・TCS認定コーチ・キャリアコンサルタント,MaiCoachCareer,1455,1310,613,矛盾を抱えながらも最前線で戦う孤独な人事・リーダーにチーム力最大化の視点を発信中/職場をもっと喜びの溢れた場所へ/人事部8年目のワーキングマザー/労務管理→採用→人材育成/現在は人事制度再構築・セルフキャリアドッグ制度構築中/国家資格キャリアコンサルタント/TCS認定コーチ/Podcast配信中/
50,A.M.SanGoCan,am350can,88,93,533,"エンジニアのtaiga(@dn0t_)&プランナー・コピーライターのhase(@hase_csv)がパーソナリティを務めるキラキラバイブス全開の極貧アル中インターネットラジオ番組。 

毎週木曜にビールを片手に収録。 
週末にPodcast配信。 
#350can"
51,鈴木臨之介@革命のソルホライズン『ぷちほら。』配信中,rinvoice711,738,937,18139,フリーランス声優・ナレーター『 #革命のソルホライズン 』(@RSolhorizon)製作総指揮、ゲーム『三国戦紀WEB』趙雲、 『埼玉県 #本庄 市男性公式ナレーター』 『 #VentureAnime 』神山昌弘、 #チェコ  #スロバキア #モスクワ #カナダ 映画祭入選、 #LA ・ #ハリウッド にて３部門入選
52,「だんらん部」Podcast•himalaya配信中！,danran_bu,126,105,792,Podcast・Himalayaにて毎週火曜日配信中！サブカルから真面目な話まで語り尽くす。何人で、何の話で、どんなテンションかはいつもバラバラ。 楽しむことを妥協しない社会人8人組のお話。 #だんらん部 #Podcast #Himalaya #ネットラジオ #ポッドキャスト
53,おしゃべりサニバ,oshaberisaniba,613,613,1554,ボードゲームポッドキャスト おしゃべりサニバの公式アカウントです。おしゃサニ！ https://t.co/ET4RrxPpTq おたよりはこちら→oshaberisaniba@gmail.com
54,たのくらCAST,tanokura_cast,196,72,71,｢楽しく暮らす｣をテーマに40歳男子いりぽんとタミオの２人が雑談だけするpodcastです。
55,いまさらトークラジオ！,Lu7E7L5CAmEYXQ8,130,105,226,30代の一児の父です。バイクとゲームとドラムが好きです。ApplePodcast 、Spotify、anchor で「いまさらトークラジオ！」を配信しています。日々の出来事や趣味のゲーム、バイクなどについて友人と2人で話しています。
56,ばくらじ編集長,bakurajiproduct,1162,541,1126,素人3人による趣味から哲学まで幅広くおしゃべりするポッドキャスト番組ばくらじのMC兼編集してます。ラジオ好き。無言フォローすいません。お便りはbakurajikenzo@gmail.comか下記お便りフォームリンク参照願います。iTunes、Spotify等で配信中。#ばくらじ
57,キラテンPodcast,kiratenst,779,532,395,🎙Podcast「キラテン」更新中。テクノロジーで遊びまくりながら、ポッドキャストのプロデュースをしております。オンライン/オフラインの勉強会も開催中♪ #podcast #キラテン #ポッドキャスト #ラジオ
58,荒川区三河島からオカゲのたなかが荒川区地域活性化を応援するラジオ　ポッドキャスト【あなたのおかげ】,okaghe_attic,606,405,1908,"✤荒川区関連情報を声でお届け！荒川区ニュース✤小さいお店のリアル経営話や事業計画✤ヘアサロンokagheでの日常と感謝と楽しい話と。／ちょっと笑えてなんかシュールでホッ☺とする番組に🎶 あなたからのレターお待ちしてます♪
番組https://t.co/qameEEZUW7 匿名でレターhttps://t.co/hg4HdH6LMA　#あなおか #荒川区"
59,SUZUKEN,Suzuken_am,757,556,2598,ネットラジオ配信活動(ApplePodcast・spoon等)してます。元学生芸人・役者・少しのラジオDJ経験あり。千葉ロッテファン兼中日ファン。アイコンは三ツ星制作局のかませさん作。Podcast「ミッドナイト番外地」spoon内番組「abnormal night」よろしくお願いします
60,ストロングの「AMキャスト！！」,tsuyome_strong,250,219,794,関東のアンダーグラウンドなライブハウスを渡り歩くドラマー｢ストロング｣による1人喋りのpodcastラジオ！音楽好き･バンド好き･バンドを始めた･お笑い好きに聴いて欲しい！本物のラジオDJ、願わくば芸能事務所に所属したい。依頼は基本無料なのでお気軽に！！全ての受付はstrong.amcast@gmail.com まで。
61,前田明日香 ポッドキャスト「前田明日香のキッチン・トーク」配信中♪,djasuka,4043,4302,9841,ラジオパーソナリティ、ナレーター。食、旅、音楽、アート、折紙、お花が大好き。日本語教員免許所有。渡航歴はアメリカ、カナダ、中南米、アジア、ヨーロッパなど16ヶ国。二児の子育て中！カバーはバルセロナ・ボケリア市場。生活にスパイスを♪ ポッドキャスト「前田明日香のキッチン・トーク」配信中。インスタは djasuka110
62,寝たら忘れるラジオ,netarawasureru_,770,777,4584,ポッドキャスト #寝たら忘れるラジオ ヨウチャン、kanon、かえるでお送りいたします。 毎週水曜日21時に配信します。 netarawasureru@gmail.com またはTwitterのDMと公式HPよりお便りお待ちしております。
63,ずっと笑っていたいねん,zutowara,664,663,402,ポッドキャスト番組「ずっと笑っていたいねん」を配信しています！ぜひ、お聞きください！感想は「#ずとわら」でお願いします！毎週木曜日配信予定。 気軽にフォローしてください。
64,Bright Bit Brothers,BrightBitBros,77,75,457,「ブライト・ビット・ブラザーズ」はかつてゲーム少年だった1P「カワサキ」(@REDHAWK_Black)と2Ｐ「ハセガワ」(@bodogedama)の2人がゲームにまつわる記憶や思い出を話しながら故きを温ねて新しきを知るラジオ番組です。番組のハッシュタグは #BBブロス です。 番組へのご意見ご感想お待ちしております！
65,不協話音,fuwaon88,117,124,250,Podcast「不協話音」のアカウントです。 イーファことE♭とシーシャことC♯の女子2人が7のつく日に配信しています。お便りは fuwaon88@gmail.comまで。ハッシュタグは #ふわおん
66,Log1103,log1103,123,126,549,ポッドキャスト「Log1103（ログイチイチゼロサン）」オフィシャルアカウントです。次回配信予告やLog1103豆知識等を呟いてます。お気軽にフォローしてくださいね！  1103本人アカウントは@11031104となります。
67,小川真紀子@ナレーター 宅録もスタジオも可,oga_maki,668,724,10744,三重県桑名市出身 | 地上波グルメ番組 | 企業VP | webCM | 宅録収録可能 | I'm voice over artist. | スポーツ番組のナレーションが夢 | プロレスと棚橋弘至選手推し | お仕事依頼はDMへ |
68,マブルマーブル,mbmb_info,310,331,641,#マブマブ 妄想しか取り柄のない偏差値と女子力ゼロの大人すぎる大人女子の2人が偏愛をごちゃ混ぜに無指向性トークしております！まよちー@mayo_n0201マエミロ@mirei_maeda ☆https://t.co/SKUQBpd7tW
69,Podcast「ベストオブベスト」,radiobestofbest,600,409,662,"カタイチ( @kataichibob )とむねお( @muneobob )がお送りする、あらゆるもののベストを考えていくベスト探求系ラジオ。
iTunes、Spotify、Google Podcast、Anchorなど各種プラットフォームで配信中。詳細は下記固定ツイート参照。

music by @SHOONINNIN"
70,Lyustyle@ブログ運営コーチ,Lyustyle,1055,1263,21636,人生設計のためのプロ・コーチ🌱「17年ブロガー」×「プロ・コーチ」として、ブログで集客するためのお手伝いツイート🍎知的生活ツイート
71,𓀁大阪ボドゲ会 -自粛中- ★ユウキ,boardgames_jp,3441,4408,1477,"大阪ボードゲーム協会公式アカウント
毎月ボドゲ会やってます！
初心者向き！お一人様もウエルカム😆

インスタやってます→https://t.co/Eu5X224UKA

イベント情報は公式ホームページで↓"
72,55nouen,55nouen,897,112,5140,空気が読めない、態度が悪い、とよく言われてます。 匿名アカウントですが、特定されても問題ないことしか書いていないつもりです。つもりです。
73,雨澤祐貴／フリー声優,amemy0121,1222,1908,5998,声優【ご依頼はHP・DMから】◎特技：歌、ドラム ◎趣味：ボドゲ、ルービックキューブ ■『とんかつDJアゲ太郎』平積タカシ ■『銀魂』ハタ皇子（少年時代）■『コンジアム』スンウク■『AFKアリーナ』スクレッグ、エジーズ■『食物語』羊肉泡モー【質問箱https://t.co/Ek4WSNspAD】
74,まーとん🥩家飲みパラダイス,nomipara,4942,4444,275,ブログでお酒や肉、珍味について書いています❗️ 私は飲んで食べることが好きなのでそれをいろんな人と分かち合えればと思います。生粋の日本人ですが、外国の珍味も好きです（笑）ツイートは定期的にしていく予定です😁
75,糺ノ森将太👓️🚲️@新人絵師Vtuber,chisayosyo,1363,1105,33904,"お絵描き、ゲーム配信。やりたいときにやりたいことをする
🤍💧、🎀、☂️、🎇、🌸🌟
ヘッダー透 @tooru3755
https://t.co/QdWF8Lf4hS
https://t.co/NAXrW323GV"
76,こみぃ,kommy339,345,49,386,MTGとシャドウバースとその他いろいろなゲームが好きな人間です。アーティファクトとネクロマンサーが好きです。たまにゲームと関係ないこともつぶやきます。
77,黒　崎　賢　一　🐻　B e a r T a i l,96kurox,3855,3773,29679,BearTail代表取締役、企業理念「時間革命で体感寿命を延ばす」。 領収書を一掃するペーパーレス経費精算サービス「Dr.経費精算」 https://t.co/NELR1oGVaa。
78,リオン@ブログで稼ぐ黄金ルート,Hyper_Realist25,2414,3265,7372,東京の某Sラン大学◆「週5で定年まで働きたくないな…」▶ブログが稼げると聞いてやってみる▶トレンドで最速で10万稼ぎ〝感覚〟を掴む▶特化ブログでPV数をかき集め月30万円▶メルマガを導入し100万円超えまで爆発◆同じルートで最速で大きく稼ぐ方法を伝えます◆月収数百円の初心者も、数万円で停滞している中級者も引き上げます
79,がんちゃん,fumitaka_iwata,633,275,643,初めましてがんちゃんです。見習いプログラマーですが、最近は色々やってます。 趣味:ゲーム(今は主に騎空士) 好きなゲームジャンル:RPG お仕事:ゲームプログラマー、弊社ブログ運営、弊社収録スタジオ運営 弊社垢:@picos_inc
80,アインΩコインランドリー大家,ainecoinlaundry,1555,3361,7621,シングルパパ 愛する女（娘）の為にアラフォーながら大家業、コインランドリーで日々奮闘中。 主にコインランドリー関連や不動産賃貸、マネーリテラシーを語る予定。 コインランドリーは大赤字の為、世紀末真っ只中である。ブログ始めました。コインランドリー投資の細かい所をdisり成分多めで解説していきます。
81,トットおじさん@人生は折り返しから,tottoojisan,9934,17284,85720,50代サラリーマン・某有名企業に勤めつつ、複数の副業を実演中。「お金は分けると減るけれど、知識は分けると(みんなに)増える」がモットー。自分がためしてやってみて、誰にでも再現性があって有効だと思うものは、どんどん広めていきたいと思っています。全17話のメルマガも公開中。⇒https://t.co/Ve0BtK77MW
82,精神科医・樺沢紫苑@インプット大全＆アウトプット大全 シリーズ74万部突破,kabasawa,119951,124804,30030,精神科医、作家。著書３０冊以上。４０万人超のネットメディアで精神医学、心理学をわかりやすく解説。最新刊「インプット大全」絶賛発売中！ ご質問は【質問箱】→https://t.co/Uag6UgsZhk
83,ぴっくるの動画収録・配信スタジオ『ぴこす』,picos_inc,2438,2584,6011,"手軽に動画収録・配信が出来るスタジオです。 24時間利用可能。 仲間同士で打ち合わせやボードゲームを行ったりも可能です。
Youtubeチャンネル登録お願いします！ https://t.co/13JNC7ZewX
ポッドキャスト配信中！ https://t.co/Nf3jtVAgQb"
84,衣笠商会,kinugasa37,24,31,215,税理士試験（残り2科目、相続税法と消費税法）と減量（マイナス20kg）を頑張るアカウント。／洛星37期／合同会社を設立してみたりもしていますが、ここの名前は社名と関係ありません。
85,takablog,takablog1,1088,408,128,"【YouTube】
taka blog【癒し系】
【ブログ】
https://t.co/1v3c4uuKQZ
【SNS】
Popplle （ポップル）
@takablog【SNS】
■Facebook
taka blo
■インスタ
@takablo
■Twitter
@takablog1"
86,T&Iアソシエイツ,en_tikk,214,50,560,"個人や組織のライフキャリア/事業/企業の再定義、変革を支援するコンサルタント/起業やキャリアのコーチ/コンセプター/ミラリスト/情報とアートのコンシェルジュetc.代表は元VC.産業カウンセラー/中小企業診断士/ITコーディネータ資格保有者
https://t.co/skaSnBqADa
obacon@新聞大学@newsuniv8"
87,kinaco,kinaco_mocchii,79,58,68,"もっとスローで穏やかな人生を生きるために働き方を模索中🙄
現在は子育てしつつブログを運営しています🖥Cocoon🥚
夢は色んな物・景色・音に触れながら自分らしく生きられるようになること🐥お気軽にフォローどうぞ🙌"
88,める＠ハンドメイド作家兼ブロガー,melbonlife722,442,483,332,2歳＆4歳の兄弟子育て中アラサー主婦👨‍👩‍👦‍👦旦那さんに頼らず自力で稼ぐ情報発信中。ブログ開始5ヶ月でアドセンス月収10万達成➡︎コンサル企画で月収220万達成➡︎年収1000万達成。ハンドメイドとブログとブログ収益化コンサルしてるオカンです🙋‍♀️
89,夫より稼ぐ妻tomoo,5mmNrVHvY0vME8z,4998,2061,940,😀会社経営しながら色々仕事してます💕シングルマザーから転勤族の妻に! 意識緩い系です🙃勝手にフォローしてます！友達増えるといいな。夫ラブです。 夫より稼ぐ知識書いたりしてます！執筆活動、ライター、カウンセラー、ピクニック、デザイナー、コンサルタント、マーケター
